-- MySQL Script generated by MySQL Workbench
-- Sun Feb 10 09:05:00 2019
-- Model: New Model    Version: 1.0
-- MySQL Workbench Forward Engineering

SET @OLD_UNIQUE_CHECKS=@@UNIQUE_CHECKS, UNIQUE_CHECKS=0;
SET @OLD_FOREIGN_KEY_CHECKS=@@FOREIGN_KEY_CHECKS, FOREIGN_KEY_CHECKS=0;
SET @OLD_SQL_MODE=@@SQL_MODE, SQL_MODE='ONLY_FULL_GROUP_BY,STRICT_TRANS_TABLES,NO_ZERO_IN_DATE,NO_ZERO_DATE,ERROR_FOR_DIVISION_BY_ZERO,NO_ENGINE_SUBSTITUTION';

-- -----------------------------------------------------
-- Schema dbProjectTU
-- -----------------------------------------------------
DROP SCHEMA IF EXISTS `dbProjectTU` ;

-- -----------------------------------------------------
-- Schema dbProjectTU
-- -----------------------------------------------------
CREATE SCHEMA IF NOT EXISTS `dbProjectTU` DEFAULT CHARACTER SET utf8 ;
USE `dbProjectTU` ;

-- -----------------------------------------------------
-- Table `dbProjectTU`.`applications`
-- -----------------------------------------------------
DROP TABLE IF EXISTS `dbProjectTU`.`applications` ;

CREATE TABLE IF NOT EXISTS `dbProjectTU`.`applications` (
  `idApplication` INT NOT NULL AUTO_INCREMENT,
  `name` VARCHAR(45) NULL,
  `type` VARCHAR(45) NULL,
  PRIMARY KEY (`idApplication`))
ENGINE = InnoDB;


-- -----------------------------------------------------
-- Table `dbProjectTU`.`artifacts`
-- -----------------------------------------------------
DROP TABLE IF EXISTS `dbProjectTU`.`artifacts` ;

CREATE TABLE IF NOT EXISTS `dbProjectTU`.`artifacts` (
  `idArtifact` INT NOT NULL AUTO_INCREMENT,
  `name` VARCHAR(45) NULL,
  `description` VARCHAR(45) NULL,
  `idApplicationTU` INT NULL,
  PRIMARY KEY (`idArtifact`),
  INDEX `fk_applicationTU_idx` (`idApplicationTU` ASC) VISIBLE,
  CONSTRAINT `fk_application`
    FOREIGN KEY (`idApplicationTU`)
    REFERENCES `dbProjectTU`.`applications` (`idApplication`)
    ON DELETE CASCADE
    ON UPDATE NO ACTION)
ENGINE = InnoDB;


-- -----------------------------------------------------
-- Table `dbProjectTU`.`projects`
-- -----------------------------------------------------
DROP TABLE IF EXISTS `dbProjectTU`.`projects` ;

CREATE TABLE IF NOT EXISTS `dbProjectTU`.`projects` (
  `idProject` VARCHAR(15) NOT NULL,
  `name` VARCHAR(45) NULL,
  `type` VARCHAR(10) NULL,
  `statusProject` INT NULL,
  PRIMARY KEY (`idProject`),
  INDEX `fk_statusRequirement_idx` (`statusProject` ASC) VISIBLE,
  CONSTRAINT `fk_statusProject`
    FOREIGN KEY (`statusProject`)
    REFERENCES `dbProjectTU`.`statusProjects` (`idstatusRequirement`)
    ON DELETE NO ACTION
    ON UPDATE NO ACTION)
ENGINE = InnoDB;


-- -----------------------------------------------------
-- Table `dbProjectTU`.`projectsDetail`
-- -----------------------------------------------------
DROP TABLE IF EXISTS `dbProjectTU`.`projectsDetail` ;

CREATE TABLE IF NOT EXISTS `dbProjectTU`.`projectsDetail` (
  `idProjectDetail` INT NOT NULL AUTO_INCREMENT,
  `idProject` VARCHAR(15) NOT NULL,
  `idArtifact` INT NOT NULL,
  `description` VARCHAR(45) NULL,
  INDEX `fk_requirement_idx` (`idProject` ASC) VISIBLE,
  INDEX `fk_artifact_idx` (`idArtifact` ASC) VISIBLE,
  PRIMARY KEY (`idProjectDetail`),
  CONSTRAINT `fk_project`
    FOREIGN KEY (`idProject`)
    REFERENCES `dbProjectTU`.`projects` (`idProject`)
    ON DELETE NO ACTION
    ON UPDATE CASCADE,
  CONSTRAINT `fk_artifact`
    FOREIGN KEY (`idArtifact`)
    REFERENCES `dbProjectTU`.`artifacts` (`idArtifact`)
    ON DELETE NO ACTION
    ON UPDATE NO ACTION)
ENGINE = InnoDB;


-- -----------------------------------------------------
-- Table `dbProjectTU`.`statusProjects`
-- -----------------------------------------------------
DROP TABLE IF EXISTS `dbProjectTU`.`statusProjects` ;

CREATE TABLE IF NOT EXISTS `dbProjectTU`.`statusProjects` (
  `idstatusRequirement` INT NOT NULL AUTO_INCREMENT,
  `name` VARCHAR(45) NOT NULL,
  PRIMARY KEY (`idstatusRequirement`))
ENGINE = InnoDB;


SET SQL_MODE=@OLD_SQL_MODE;
SET FOREIGN_KEY_CHECKS=@OLD_FOREIGN_KEY_CHECKS;
SET UNIQUE_CHECKS=@OLD_UNIQUE_CHECKS;

-- -----------------------------------------------------
-- Data for table `dbProjectTU`.`applications`
-- -----------------------------------------------------
START TRANSACTION;
USE `dbProjectTU`;
INSERT INTO `dbProjectTU`.`applications` (`idApplication`, `name`, `type`) VALUES (1, 'SIEBEL 8.1', 'BSS');
INSERT INTO `dbProjectTU`.`applications` (`idApplication`, `name`, `type`) VALUES (2, 'OSM', 'OSS');
INSERT INTO `dbProjectTU`.`applications` (`idApplication`, `name`, `type`) VALUES (3, 'MSS', 'OSS');
INSERT INTO `dbProjectTU`.`applications` (`idApplication`, `name`, `type`) VALUES (4, 'GTC', 'OSS');
INSERT INTO `dbProjectTU`.`applications` (`idApplication`, `name`, `type`) VALUES (5, 'CLICK', 'OSS');
INSERT INTO `dbProjectTU`.`applications` (`idApplication`, `name`, `type`) VALUES (6, 'PNI - GIS', 'OSS');
INSERT INTO `dbProjectTU`.`applications` (`idApplication`, `name`, `type`) VALUES (7, 'BIZTALK', 'BSS');

COMMIT;


-- -----------------------------------------------------
-- Data for table `dbProjectTU`.`artifacts`
-- -----------------------------------------------------
START TRANSACTION;
USE `dbProjectTU`;
INSERT INTO `dbProjectTU`.`artifacts` (`idArtifact`, `name`, `description`, `idApplicationTU`) VALUES (1, 'DLL', 'DLL', 7);
INSERT INTO `dbProjectTU`.`artifacts` (`idArtifact`, `name`, `description`, `idApplicationTU`) VALUES (2, 'Web Service', 'Web Service', 7);
INSERT INTO `dbProjectTU`.`artifacts` (`idArtifact`, `name`, `description`, `idApplicationTU`) VALUES (3, 'CONF', 'Configuracion Siebel', 1);
INSERT INTO `dbProjectTU`.`artifacts` (`idArtifact`, `name`, `description`, `idApplicationTU`) VALUES (4, 'XAML', 'XAML', 5);
INSERT INTO `dbProjectTU`.`artifacts` (`idArtifact`, `name`, `description`, `idApplicationTU`) VALUES (5, 'JS', 'JS', 5);
INSERT INTO `dbProjectTU`.`artifacts` (`idArtifact`, `name`, `description`, `idApplicationTU`) VALUES (6, 'Monitor', 'Monitor', 4);
INSERT INTO `dbProjectTU`.`artifacts` (`idArtifact`, `name`, `description`, `idApplicationTU`) VALUES (7, 'Windows Service', 'Windows Service', 4);
INSERT INTO `dbProjectTU`.`artifacts` (`idArtifact`, `name`, `description`, `idApplicationTU`) VALUES (8, 'Listener', 'Listener', 4);
INSERT INTO `dbProjectTU`.`artifacts` (`idArtifact`, `name`, `description`, `idApplicationTU`) VALUES (9, 'Mocks', 'Mocks', 4);
INSERT INTO `dbProjectTU`.`artifacts` (`idArtifact`, `name`, `description`, `idApplicationTU`) VALUES (10, 'EAR', 'EAR', 3);
INSERT INTO `dbProjectTU`.`artifacts` (`idArtifact`, `name`, `description`, `idApplicationTU`) VALUES (11, 'Cartucho', 'Cartucho', 2);
INSERT INTO `dbProjectTU`.`artifacts` (`idArtifact`, `name`, `description`, `idApplicationTU`) VALUES (12, 'SFR', 'SFR', 1);
INSERT INTO `dbProjectTU`.`artifacts` (`idArtifact`, `name`, `description`, `idApplicationTU`) VALUES (13, 'XQUERY', 'XQUERY', 2);
INSERT INTO `dbProjectTU`.`artifacts` (`idArtifact`, `name`, `description`, `idApplicationTU`) VALUES (14, 'SCRIPT', 'SCRIPT', 3);
INSERT INTO `dbProjectTU`.`artifacts` (`idArtifact`, `name`, `description`, `idApplicationTU`) VALUES (15, 'CONF', 'Configuracion Click', 5);
INSERT INTO `dbProjectTU`.`artifacts` (`idArtifact`, `name`, `description`, `idApplicationTU`) VALUES (16, 'CONF', 'Configuracion Click', 7);

COMMIT;


-- -----------------------------------------------------
-- Data for table `dbProjectTU`.`projects`
-- -----------------------------------------------------
START TRANSACTION;
USE `dbProjectTU`;
INSERT INTO `dbProjectTU`.`projects` (`idProject`, `name`, `type`, `statusProject`) VALUES ('154813', 'Campo Fecha de portación – no obligatorio', 'Requerimiento', 4);
INSERT INTO `dbProjectTU`.`projects` (`idProject`, `name`, `type`, `statusProject`) VALUES ('353384', 'Res. 5111. Régimen de Protección de Usuarios RPU', 'Requerimiento', 3);
INSERT INTO `dbProjectTU`.`projects` (`idProject`, `name`, `type`, `statusProject`) VALUES ('458562', 'Gradiente', 'Requerimiento', 3);

COMMIT;


-- -----------------------------------------------------
-- Data for table `dbProjectTU`.`projectsDetail`
-- -----------------------------------------------------
START TRANSACTION;
USE `dbProjectTU`;
INSERT INTO `dbProjectTU`.`projectsDetail` (`idProjectDetail`, `idProject`, `idArtifact`, `description`) VALUES (1, '353384', 12, 'modificación');
INSERT INTO `dbProjectTU`.`projectsDetail` (`idProjectDetail`, `idProject`, `idArtifact`, `description`) VALUES (2, '353384', 3, 'configuración');
INSERT INTO `dbProjectTU`.`projectsDetail` (`idProjectDetail`, `idProject`, `idArtifact`, `description`) VALUES (3, '353384', 11, '.ear');
INSERT INTO `dbProjectTU`.`projectsDetail` (`idProjectDetail`, `idProject`, `idArtifact`, `description`) VALUES (4, '458562', 3, 'configuración');

COMMIT;


-- -----------------------------------------------------
-- Data for table `dbProjectTU`.`statusProjects`
-- -----------------------------------------------------
START TRANSACTION;
USE `dbProjectTU`;
INSERT INTO `dbProjectTU`.`statusProjects` (`idstatusRequirement`, `name`) VALUES (1, 'Contrucción en Progreso');
INSERT INTO `dbProjectTU`.`statusProjects` (`idstatusRequirement`, `name`) VALUES (2, 'Contrucción Terminada');
INSERT INTO `dbProjectTU`.`statusProjects` (`idstatusRequirement`, `name`) VALUES (3, 'Desplegado Preproducción');
INSERT INTO `dbProjectTU`.`statusProjects` (`idstatusRequirement`, `name`) VALUES (4, 'Desplegado Producción');

COMMIT;

